﻿Email,First Name,Last Name,IMAP Username,IMAP Password,IMAP Host,IMAP Port,SMTP Username,SMTP Password,SMTP Host,SMTP Port,Daily Limit,Warmup Enabled,Warmup Limit,Warmup Increment
rohan.seth@openripplestudio.info,Rohan,Seth,rohan.seth@openripplestudio.info,lnfkG$4!MFPH,imapn2.mymailsystem.com,993,rohan.seth@openripplestudio.info,lnfkG$4!MFPH,smtp.mailscale.systems,465,10,TRUE,25,2
rohan.s@openripplestudio.info,Rohan,Seth,rohan.s@openripplestudio.info,hQ&#vvN2R%&J,imapn2.mymailsystem.com,993,rohan.s@openripplestudio.info,hQ&#vvN2R%&J,smtp.mailscale.systems,465,10,TRUE,25,2
rohan.seth@trygetripplemedia.com,Rohan,Seth,rohan.seth@trygetripplemedia.com,ZoiV1)Zm9@j*,imapn2.mymailsystem.com,993,rohan.seth@trygetripplemedia.com,ZoiV1)Zm9@j*,smtp.mailscale.systems,465,10,TRUE,25,2
rohan.s@trygetripplemedia.com,Rohan,Seth,rohan.s@trygetripplemedia.com,HSaEHF$8K*3c,imapn2.mymailsystem.com,993,rohan.s@trygetripplemedia.com,HSaEHF$8K*3c,smtp.mailscale.systems,465,10,TRUE,25,2
rohan.seth@trygetripplestudio.com,Rohan,Seth,rohan.seth@trygetripplestudio.com,4NgCDThY@xzG,imapn2.mymailsystem.com,993,rohan.seth@trygetripplestudio.com,4NgCDThY@xzG,smtp.mailscale.systems,465,10,TRUE,25,2
rohan.s@trygetripplestudio.com,Rohan,Seth,rohan.s@trygetripplestudio.com,cyMFYI)tHFhH,imapn2.mymailsystem.com,993,rohan.s@trygetripplestudio.com,cyMFYI)tHFhH,smtp.mailscale.systems,465,10,TRUE,25,2
rohan.seth@gogetrippleonline.com,Rohan,Seth,rohan.seth@gogetrippleonline.com,ArWGgCDG48CT,imapn2.mymailsystem.com,993,rohan.seth@gogetrippleonline.com,ArWGgCDG48CT,smtp.mailscale.systems,465,10,TRUE,25,2
rohan.s@gogetrippleonline.com,Rohan,Seth,rohan.s@gogetrippleonline.com,hkDq66Q59uhX,imapn2.mymailsystem.com,993,rohan.s@gogetrippleonline.com,hkDq66Q59uhX,smtp.mailscale.systems,465,10,TRUE,25,2
rohan.seth@meetgetrippledigital.com,Rohan,Seth,rohan.seth@meetgetrippledigital.com,Mge#Tco!GXD&,imapn2.mymailsystem.com,993,rohan.seth@meetgetrippledigital.com,Mge#Tco!GXD&,smtp.mailscale.systems,465,10,TRUE,25,2
rohan.s@meetgetrippledigital.com,Rohan,Seth,rohan.s@meetgetrippledigital.com,gRRnXs7yYzCY,imapn2.mymailsystem.com,993,rohan.s@meetgetrippledigital.com,gRRnXs7yYzCY,smtp.mailscale.systems,465,10,TRUE,25,2
rohan.seth@meetgetripplelabs.com,Rohan,Seth,rohan.seth@meetgetripplelabs.com,hQKKB8OUaU8z,imapn2.mymailsystem.com,993,rohan.seth@meetgetripplelabs.com,hQKKB8OUaU8z,smtp.mailscale.systems,465,10,TRUE,25,2
rohan.s@meetgetripplelabs.com,Rohan,Seth,rohan.s@meetgetripplelabs.com,rCX&Y(tzEQr#,imapn2.mymailsystem.com,993,rohan.s@meetgetripplelabs.com,rCX&Y(tzEQr#,smtp.mailscale.systems,465,10,TRUE,25,2
rohan.seth@thegetrippleagency.com,Rohan,Seth,rohan.seth@thegetrippleagency.com,s4z45LYv%i#h,imapn2.mymailsystem.com,993,rohan.seth@thegetrippleagency.com,s4z45LYv%i#h,smtp.mailscale.systems,465,10,TRUE,25,2
rohan.s@thegetrippleagency.com,Rohan,Seth,rohan.s@thegetrippleagency.com,i*oKA7qoX&K8,imapn2.mymailsystem.com,993,rohan.s@thegetrippleagency.com,i*oKA7qoX&K8,smtp.mailscale.systems,465,10,TRUE,25,2
rohan.seth@thegetripplestudio.com,Rohan,Seth,rohan.seth@thegetripplestudio.com,yUyWYZBD#a8#,imapn2.mymailsystem.com,993,rohan.seth@thegetripplestudio.com,yUyWYZBD#a8#,smtp.mailscale.systems,465,10,TRUE,25,2
rohan.s@thegetripplestudio.com,Rohan,Seth,rohan.s@thegetripplestudio.com,wKQ2F!!Mj4c),imapn2.mymailsystem.com,993,rohan.s@thegetripplestudio.com,wKQ2F!!Mj4c),smtp.mailscale.systems,465,10,TRUE,25,2
rohan.seth@trygetripplehq.com,Rohan,Seth,rohan.seth@trygetripplehq.com,pgfTwZemsIhK,imapn2.mymailsystem.com,993,rohan.seth@trygetripplehq.com,pgfTwZemsIhK,smtp.mailscale.systems,465,10,TRUE,25,2
rohan.s@trygetripplehq.com,Rohan,Seth,rohan.s@trygetripplehq.com,EiZ*CvZ%%Qti,imapn2.mymailsystem.com,993,rohan.s@trygetripplehq.com,EiZ*CvZ%%Qti,smtp.mailscale.systems,465,10,TRUE,25,2
rohan.seth@opengetripplemedia.com,Rohan,Seth,rohan.seth@opengetripplemedia.com,c(#i&Yz7RSUk,imapn2.mymailsystem.com,993,rohan.seth@opengetripplemedia.com,c(#i&Yz7RSUk,smtp.mailscale.systems,465,10,TRUE,25,2
rohan.s@opengetripplemedia.com,Rohan,Seth,rohan.s@opengetripplemedia.com,6ox)KMGj08VH,imapn2.mymailsystem.com,993,rohan.s@opengetripplemedia.com,6ox)KMGj08VH,smtp.mailscale.systems,465,10,TRUE,25,2
rohan.seth@opengetripplestudio.com,Rohan,Seth,rohan.seth@opengetripplestudio.com,4StWwb925qJ%,imapn2.mymailsystem.com,993,rohan.seth@opengetripplestudio.com,4StWwb925qJ%,smtp.mailscale.systems,465,10,TRUE,25,2
rohan.s@opengetripplestudio.com,Rohan,Seth,rohan.s@opengetripplestudio.com,)#EdvcJ$&$UL,imapn2.mymailsystem.com,993,rohan.s@opengetripplestudio.com,)#EdvcJ$&$UL,smtp.mailscale.systems,465,10,TRUE,25,2
previews@ripplepreviews.com,Ripple,Previews,previews@ripplepreviews.com,l3bhJ%2r99Tv,imapn2.mymailsystem.com,993,previews@ripplepreviews.com,l3bhJ%2r99Tv,smtp.mailscale.systems,465,10,TRUE,25,2
rohan.seth@getrippleaihq.com,Rohan,Seth,rohan.seth@getrippleaihq.com,g@S)(YS4NRU9,imapn2.mymailsystem.com,993,rohan.seth@getrippleaihq.com,g@S)(YS4NRU9,smtp.mailscale.systems,465,10,TRUE,25,2
rohan.s@getrippleaihq.com,Rohan,Seth,rohan.s@getrippleaihq.com,nTj$)beWm%N1,imapn2.mymailsystem.com,993,rohan.s@getrippleaihq.com,nTj$)beWm%N1,smtp.mailscale.systems,465,10,TRUE,25,2
rohan.seth@myrippleaiads.com,Rohan,Seth,rohan.seth@myrippleaiads.com,FzmPQ3qXcc!b,imapn2.mymailsystem.com,993,rohan.seth@myrippleaiads.com,FzmPQ3qXcc!b,smtp.mailscale.systems,465,10,TRUE,25,2
rohan.s@myrippleaiads.com,Rohan,Seth,rohan.s@myrippleaiads.com,x!NWLg&8yo(^,imapn2.mymailsystem.com,993,rohan.s@myrippleaiads.com,x!NWLg&8yo(^,smtp.mailscale.systems,465,10,TRUE,25,2
rohan.seth@openrippleailabs.com,Rohan,Seth,rohan.seth@openrippleailabs.com,LLq2Wx3*Omc!,imapn2.mymailsystem.com,993,rohan.seth@openrippleailabs.com,LLq2Wx3*Omc!,smtp.mailscale.systems,465,10,TRUE,25,2
rohan.s@openrippleailabs.com,Rohan,Seth,rohan.s@openrippleailabs.com,lbOE1!&5veA3,imapn2.mymailsystem.com,993,rohan.s@openrippleailabs.com,lbOE1!&5veA3,smtp.mailscale.systems,465,10,TRUE,25,2
rohan.seth@therippleaihub.com,Rohan,Seth,rohan.seth@therippleaihub.com,n9Wbxr83uJWc,imapn2.mymailsystem.com,993,rohan.seth@therippleaihub.com,n9Wbxr83uJWc,smtp.mailscale.systems,465,10,TRUE,25,2
rohan.s@therippleaihub.com,Rohan,Seth,rohan.s@therippleaihub.com,1fOhz7kR(rcZ,imapn2.mymailsystem.com,993,rohan.s@therippleaihub.com,1fOhz7kR(rcZ,smtp.mailscale.systems,465,10,TRUE,25,2
rohan.seth@tryrippleaihub.com,Rohan,Seth,rohan.seth@tryrippleaihub.com,ZRI&jTa!1EOm,imapn2.mymailsystem.com,993,rohan.seth@tryrippleaihub.com,ZRI&jTa!1EOm,smtp.mailscale.systems,465,10,TRUE,25,2
rohan.s@tryrippleaihub.com,Rohan,Seth,rohan.s@tryrippleaihub.com,e*wpHA$mhC%x,imapn2.mymailsystem.com,993,rohan.s@tryrippleaihub.com,e*wpHA$mhC%x,smtp.mailscale.systems,465,10,TRUE,25,2
rohan.seth@userippleaidigital.com,Rohan,Seth,rohan.seth@userippleaidigital.com,((!3G9m#FnE7,imapn2.mymailsystem.com,993,rohan.seth@userippleaidigital.com,((!3G9m#FnE7,smtp.mailscale.systems,465,10,TRUE,25,2
rohan.s@userippleaidigital.com,Rohan,Seth,rohan.s@userippleaidigital.com,FSfnH!VN!mPs,imapn2.mymailsystem.com,993,rohan.s@userippleaidigital.com,FSfnH!VN!mPs,smtp.mailscale.systems,465,10,TRUE,25,2
rohan.seth@gorippleaihq.com,Rohan,Seth,rohan.seth@gorippleaihq.com,%vVf85wjIM0F,imapn2.mymailsystem.com,993,rohan.seth@gorippleaihq.com,%vVf85wjIM0F,smtp.mailscale.systems,465,10,TRUE,25,2
rohan.s@gorippleaihq.com,Rohan,Seth,rohan.s@gorippleaihq.com,%y%Diy*zUhu@,imapn2.mymailsystem.com,993,rohan.s@gorippleaihq.com,%y%Diy*zUhu@,smtp.mailscale.systems,465,10,TRUE,25,2
rohan.seth@meetrippleaiagency.com,Rohan,Seth,rohan.seth@meetrippleaiagency.com,Jo^(@TkwkYgy,imapn2.mymailsystem.com,993,rohan.seth@meetrippleaiagency.com,Jo^(@TkwkYgy,smtp.mailscale.systems,465,10,TRUE,25,2
rohan.s@meetrippleaiagency.com,Rohan,Seth,rohan.s@meetrippleaiagency.com,AiGKiFbRl5k&,imapn2.mymailsystem.com,993,rohan.s@meetrippleaiagency.com,AiGKiFbRl5k&,smtp.mailscale.systems,465,10,TRUE,25,2
rohan.seth@rippleaistudio.com,Rohan,Seth,rohan.seth@rippleaistudio.com,hGmMTrbXTfy),imapn2.mymailsystem.com,993,rohan.seth@rippleaistudio.com,hGmMTrbXTfy),smtp.mailscale.systems,465,10,TRUE,25,2
rohan.s@rippleaistudio.com,Rohan,Seth,rohan.s@rippleaistudio.com,vgD9OGMEQh3P,imapn2.mymailsystem.com,993,rohan.s@rippleaistudio.com,vgD9OGMEQh3P,smtp.mailscale.systems,465,10,TRUE,25,2
rohan.seth@getrippleaiagency.com,Rohan,Seth,rohan.seth@getrippleaiagency.com,9D6&x3qT$d!I,imapn2.mymailsystem.com,993,rohan.seth@getrippleaiagency.com,9D6&x3qT$d!I,smtp.mailscale.systems,465,10,TRUE,25,2
rohan.s@getrippleaiagency.com,Rohan,Seth,rohan.s@getrippleaiagency.com,lmRtBoZ4tkT0,imapn2.mymailsystem.com,993,rohan.s@getrippleaiagency.com,lmRtBoZ4tkT0,smtp.mailscale.systems,465,10,TRUE,25,2
rohan.seth@meetrippleaimedia.com,Rohan,Seth,rohan.seth@meetrippleaimedia.com,tSz1B9fjF5BN,imapn2.mymailsystem.com,993,rohan.seth@meetrippleaimedia.com,tSz1B9fjF5BN,smtp.mailscale.systems,465,10,TRUE,25,2
rohan.s@meetrippleaimedia.com,Rohan,Seth,rohan.s@meetrippleaimedia.com,6B*ITW@i4^7j,imapn2.mymailsystem.com,993,rohan.s@meetrippleaimedia.com,6B*ITW@i4^7j,smtp.mailscale.systems,465,10,TRUE,25,2
rohan.seth@myrippleaihub.com,Rohan,Seth,rohan.seth@myrippleaihub.com,gnLcCF%i&oDl,imapn2.mymailsystem.com,993,rohan.seth@myrippleaihub.com,gnLcCF%i&oDl,smtp.mailscale.systems,465,10,TRUE,25,2
rohan.s@myrippleaihub.com,Rohan,Seth,rohan.s@myrippleaihub.com,@KJ1z6@Kv@!M,imapn2.mymailsystem.com,993,rohan.s@myrippleaihub.com,@KJ1z6@Kv@!M,smtp.mailscale.systems,465,10,TRUE,25,2
rohan.seth@rippleaihq.com,Rohan,Seth,rohan.seth@rippleaihq.com,Ald^(Xpd65Vp,imapn2.mymailsystem.com,993,rohan.seth@rippleaihq.com,Ald^(Xpd65Vp,smtp.mailscale.systems,465,10,TRUE,25,2
rohan.s@rippleaihq.com,Rohan,Seth,rohan.s@rippleaihq.com,JnbHWRn82CZH,imapn2.mymailsystem.com,993,rohan.s@rippleaihq.com,JnbHWRn82CZH,smtp.mailscale.systems,465,10,TRUE,25,2
rohan.seth@therippleaiagency.com,Rohan,Seth,rohan.seth@therippleaiagency.com,L^%X5hephGmp,imapn2.mymailsystem.com,993,rohan.seth@therippleaiagency.com,L^%X5hephGmp,smtp.mailscale.systems,465,10,TRUE,25,2
rohan.s@therippleaiagency.com,Rohan,Seth,rohan.s@therippleaiagency.com,HdcJUOOgtF@5,imapn2.mymailsystem.com,993,rohan.s@therippleaiagency.com,HdcJUOOgtF@5,smtp.mailscale.systems,465,10,TRUE,25,2
rohan.seth@userippleaisolutions.com,Rohan,Seth,rohan.seth@userippleaisolutions.com,48F5n%ttKX7e,imapn2.mymailsystem.com,993,rohan.seth@userippleaisolutions.com,48F5n%ttKX7e,smtp.mailscale.systems,465,10,TRUE,25,2
rohan.s@userippleaisolutions.com,Rohan,Seth,rohan.s@userippleaisolutions.com,2J&n@H!mLnPW,imapn2.mymailsystem.com,993,rohan.s@userippleaisolutions.com,2J&n@H!mLnPW,smtp.mailscale.systems,465,10,TRUE,25,2
rohan.seth@myrippleai.com,Rohan,Seth,rohan.seth@myrippleai.com,&)^2M7Mg8cz(,imapn2.mymailsystem.com,993,rohan.seth@myrippleai.com,&)^2M7Mg8cz(,smtp.mailscale.systems,465,10,TRUE,25,2
rohan.s@myrippleai.com,Rohan,Seth,rohan.s@myrippleai.com,x88fh^mYZxjI,imapn2.mymailsystem.com,993,rohan.s@myrippleai.com,x88fh^mYZxjI,smtp.mailscale.systems,465,10,TRUE,25,2
rohan.seth@rippleaimedia.com,Rohan,Seth,rohan.seth@rippleaimedia.com,%XcmUYlqTWDN,imapn2.mymailsystem.com,993,rohan.seth@rippleaimedia.com,%XcmUYlqTWDN,smtp.mailscale.systems,465,10,TRUE,25,2
rohan.s@rippleaimedia.com,Rohan,Seth,rohan.s@rippleaimedia.com,&0@ExyrVlBit,imapn2.mymailsystem.com,993,rohan.s@rippleaimedia.com,&0@ExyrVlBit,smtp.mailscale.systems,465,10,TRUE,25,2
rohan.seth@therippleaiads.com,Rohan,Seth,rohan.seth@therippleaiads.com,SRKTtoXs5WRl,imapn2.mymailsystem.com,993,rohan.seth@therippleaiads.com,SRKTtoXs5WRl,smtp.mailscale.systems,465,10,TRUE,25,2
rohan.s@therippleaiads.com,Rohan,Seth,rohan.s@therippleaiads.com,xjtQKEw*6DJ3,imapn2.mymailsystem.com,993,rohan.s@therippleaiads.com,xjtQKEw*6DJ3,smtp.mailscale.systems,465,10,TRUE,25,2
rohan.seth@tryrippleaionline.com,Rohan,Seth,rohan.seth@tryrippleaionline.com,t)Mkoc1lNICm,imapn2.mymailsystem.com,993,rohan.seth@tryrippleaionline.com,t)Mkoc1lNICm,smtp.mailscale.systems,465,10,TRUE,25,2
rohan.s@tryrippleaionline.com,Rohan,Seth,rohan.s@tryrippleaionline.com,NuZN9pfuepmS,imapn2.mymailsystem.com,993,rohan.s@tryrippleaionline.com,NuZN9pfuepmS,smtp.mailscale.systems,465,10,TRUE,25,2
rohan.seth@tryrippleaisolutions.com,Rohan,Seth,rohan.seth@tryrippleaisolutions.com,85karoQl7gVy,imapn2.mymailsystem.com,993,rohan.seth@tryrippleaisolutions.com,85karoQl7gVy,smtp.mailscale.systems,465,10,TRUE,25,2
rohan.s@tryrippleaisolutions.com,Rohan,Seth,rohan.s@tryrippleaisolutions.com,z)G*!aRtaGS4,imapn2.mymailsystem.com,993,rohan.s@tryrippleaisolutions.com,z)G*!aRtaGS4,smtp.mailscale.systems,465,10,TRUE,25,2
rseth@openripplestudio.info,Rohan,Seth,rseth@openripplestudio.info,gjGTI5nVB7wC,imapn2.mymailsystem.com,993,rseth@openripplestudio.info,gjGTI5nVB7wC,smtp.mailscale.systems,465,10,TRUE,25,2
rohan.seth.2@openripplestudio.info,Rohan,Seth,rohan.seth.2@openripplestudio.info,@9zU3dV22utb,imapn2.mymailsystem.com,993,rohan.seth.2@openripplestudio.info,@9zU3dV22utb,smtp.mailscale.systems,465,10,TRUE,25,2
r.seth@openripplestudio.info,Rohan,Seth,r.seth@openripplestudio.info,X2jp!wyw%gMD,imapn2.mymailsystem.com,993,r.seth@openripplestudio.info,X2jp!wyw%gMD,smtp.mailscale.systems,465,10,TRUE,25,2
r.s.m@openripplestudio.info,Rohan,Seth,r.s.m@openripplestudio.info,pN5RzyRNdM64,imapn2.mymailsystem.com,993,r.s.m@openripplestudio.info,pN5RzyRNdM64,smtp.mailscale.systems,465,10,TRUE,25,2
rohan@openripplestudio.info,Rohan,Seth,rohan@openripplestudio.info,VH2LmDhJvpz6,imapn2.mymailsystem.com,993,rohan@openripplestudio.info,VH2LmDhJvpz6,smtp.mailscale.systems,465,10,TRUE,25,2
